<?xml version="1.0" encoding="utf-8"?>
<!DOCTYPE hibernate-mapping PUBLIC "-//Hibernate/Hibernate Mapping DTD 3.0//EN"
"http://hibernate.sourceforge.net/hibernate-mapping-3.0.dtd">
<!-- 
    Mapping file autogenerated by MyEclipse Persistence Tools
-->
<hibernate-mapping>
    <class name="com.model.TGuahao" table="t_guahao">
        <id name="id" type="java.lang.Integer">
            <column name="id" />
            <generator class="increment" />
        </id>
        <property name="muid" type="java.lang.Integer">
            <column name="muid" />
        </property>
        <property name="cuid" type="java.lang.Integer">
            <column name="cuid" />
        </property>
        <property name="riqi" type="java.lang.String">
            <column name="riqi" />
        </property>
        <property name="jibing" type="java.lang.String">
            <column name="jibing" />
        </property>
        <property name="xingming" type="java.lang.String">
            <column name="xingming" />
        </property>
        <property name="lianxi" type="java.lang.String">
            <column name="lianxi" />
        </property>
        <property name="zt" type="java.lang.String">
            <column name="zt" />
        </property>
         <property name="shijian" type="java.lang.String">
            <column name="shijian" />
        </property>
         <property name="numbb" type="java.lang.String">
            <column name="numbb" />
        </property>
        <property name="huifu" type="java.lang.String">
            <column name="huifu" />
        </property>
    </class>
</hibernate-mapping>
