<?xml version="1.0" encoding="utf-8"?>
<!DOCTYPE hibernate-mapping PUBLIC "-//Hibernate/Hibernate Mapping DTD 3.0//EN"
"http://hibernate.sourceforge.net/hibernate-mapping-3.0.dtd">
<!-- 
    Mapping file autogenerated by MyEclipse Persistence Tools
-->
<hibernate-mapping>
    <class name="com.model.TUser" table="t_user">
        <id name="id" type="java.lang.Integer">
            <column name="id" />
            <generator class="increment" />
        </id>
        <property name="loginname" type="java.lang.String">
            <column name="loginname" length="50" />
        </property>
        <property name="loginpw" type="java.lang.String">
            <column name="loginpw" length="50" />
        </property>
        <property name="xingming" type="java.lang.String">
            <column name="xingming" length="50" />
        </property>
        <property name="xingbie" type="java.lang.String">
            <column name="xingbie" length="50" />
        </property>
        <property name="nianling" type="java.lang.String">
            <column name="nianling" length="50" />
        </property>
        <property name="address" type="java.lang.String">
            <column name="address" length="50" />
        </property>
        <property name="dianhua" type="java.lang.String">
            <column name="dianhua" />
        </property>
        <property name="shenhe" type="java.lang.String">
            <column name="shenhe" length="50" />
        </property>
        <property name="type" type="java.lang.String">
            <column name="type" length="50" />
        </property>
        <property name="typename" type="java.lang.String">
            <column name="typename" length="50" />
        </property>
        <property name="money" type="java.lang.String">
            <column name="money" length="50" />
        </property>
        <property name="jifen" type="java.lang.String">
            <column name="jifen" length="50" />
        </property>
        <property name="qq" type="java.lang.String">
            <column name="qq" length="50" />
        </property>
        <property name="shenfenzheng" type="java.lang.String">
            <column name="shenfenzheng" length="50" />
        </property>
        <property name="touxiang" type="java.lang.String">
            <column name="touxiang" length="50" />
        </property>
        <property name="youxiang" type="java.lang.String">
            <column name="youxiang" length="50" />
        </property>
        <property name="chushengnianyue" type="java.lang.String">
            <column name="chushengnianyue" length="50" />
        </property>
        <property name="addtime" type="java.lang.String">
            <column name="addtime" length="50" />
        </property>
        <property name="beizhu" type="java.lang.String">
            <column name="beizhu" length="50" />
        </property>
        <property name="beizhu2" type="java.lang.String">
            <column name="beizhu2" length="50" />
        </property>
        <property name="beizhu3" type="java.lang.String">
            <column name="beizhu3" length="50" />
        </property>
        <property name="beizhu4" type="java.lang.String">
            <column name="beizhu4" length="50" />
        </property>
        <property name="beizhu5" type="java.lang.String">
            <column name="beizhu5" length="50" />
        </property>
        <property name="beizhu6" type="java.lang.String">
            <column name="beizhu6" length="50" />
        </property>
    </class>
</hibernate-mapping>
