<?xml version="1.0" encoding="UTF-8" ?>

<!DOCTYPE struts PUBLIC   
     "-//Apache Software Foundation//DTD Struts Configuration 2.0//EN"   
     "http://struts.apache.org/dtds/struts-2.0.dtd">
     
     
<struts>
    <package name="liu" extends="struts-default">
        <global-results>
            <result name="succeed">/common/succeed.jsp</result>
            <result name="msg">/common/msg.jsp</result>
        </global-results>
        
        <action name="upload" class="com.util.upload" method="upload">
             <result name="success">/upload/upload_re.jsp</result>
        </action>
        
        <action name="index" class="indexAction" method="index">
            <result name="success">/qiantai/index.jsp</result>
        </action>
        
        
        <action name="gonggaoAdd" class="gonggaoAction" method="gonggaoAdd">
        </action>
        <action name="gonggaoDel" class="gonggaoAction" method="gonggaoDel">
        </action>
        <action name="gonggaoMana" class="gonggaoAction" method="gonggaoMana">
            <result>/admin/gonggao/gonggaoMana.jsp</result>
        </action>
        <action name="gonggaoDetailHou" class="gonggaoAction" method="gonggaoDetailHou">
            <result>/admin/gonggao/gonggaoDetailHou.jsp</result>
        </action>
        <action name="gonggaoAll" class="gonggaoAction" method="gonggaoAll">
            <result>/qiantai/gonggao/gonggaoAll.jsp</result>
        </action>
        <action name="gonggaoDetailQian" class="gonggaoAction" method="gonggaoDetailQian">
            <result>/qiantai/gonggao/gonggaoDetailQian.jsp</result>
        </action>



        <action name="userReg" class="userAction" method="userReg">
            <result name="success">/qiantai/default.jsp</result>
        </action>
        <action name="userAdd" class="userAction" method="userAdd">
            <result name="success">/userMana.action</result>
        </action>
        <action name="userAddSL" class="userAction" method="userAddSL">
            <result name="success">/userMana.action</result>
        </action>
        <action name="userSet" class="userAction" method="userSet">

        </action>
        <action name="userTouxiangSet" class="userAction" method="userTouxiangSet">

        </action>
        <action name="userChongzhi" class="userAction" method="userChongzhi">
            <result name="success">/qiantai/default.jsp</result>
        </action>
        <action name="userMana" class="userAction" method="userMana">
            <result name="success">/admin/user/userMana.jsp</result>
        </action>

        <action name="userManaType0" class="userAction" method="userManaType0">
            <result name="success">/admin/user/userMana.jsp</result>
        </action>
        <action name="userManaType1" class="userAction" method="userManaType1">
            <result name="success">/admin/laoshi/laoshiAll.jsp</result>
        </action>
        <action name="userManaType2" class="userAction" method="userManaType2">
            <result name="success">/admin/xuesheng/xueshengAll.jsp</result>
        </action>
        <action name="userManaPing" class="userAction" method="userManaPing">
            <result name="success">/admin/user/userManaPing.jsp</result>
        </action>
        <action name="userManaPingAdd" class="userAction" method="userManaPing">
            <result name="success">/admin/user/userManaPingAdd.jsp</result>
        </action>
        <action name="userXinxi" class="userAction" method="userXinxi">
            <result name="success">/admin/user/userXinxi.jsp</result>
        </action>
        <action name="userGet" class="userAction" method="userXinxi">
            <result name="success">/admin/ping/pingAdd.jsp</result>
        </action>
        <action name="userDel" class="userAction" method="userDel">
        </action>
        <action name="userShenhe" class="userAction" method="userShenhe">
        </action>
        <action name="userJinyong" class="userAction" method="userJinyong">
        </action>
        <action name="userLogout" class="userAction" method="userLogout">
            <result name="success">/qiantai/default.jsp</result>
        </action>
        <action name="userManaType1ByBeizhu" class="userAction" method="userManaType1ByBeizhu">
            <result name="success">/qiantai/user/userManaType1ByBeizhu.jsp</result>
        </action>
        <action name="userManaType1ByBeizhuAndBeizhu2" class="userAction" method="userManaType1ByBeizhuAndBeizhu2">
            <result name="success">/qiantai/user/userManaType1ByBeizhu.jsp</result>
        </action>
        <action name="userDetailQian" class="userAction" method="userDetailQian">
            <result name="success">/qiantai/user/userDetailQian.jsp</result>
        </action>


        <action name="liuyanAdd" class="liuyanAction" method="liuyanAdd">
        </action>
        <action name="liuyanMana" class="liuyanAction" method="liuyanMana">
            <result name="success">/admin/liuyan/liuyanMana.jsp</result>
        </action>
        <action name="liuyanDel" class="liuyanAction" method="liuyanDel">
        </action>
        <action name="liuyanHuifu" class="liuyanAction" method="liuyanHuifu">
        </action>
        <action name="liuyanDetail" class="liuyanAction" method="liuyanDetail">
            <result name="success">/qiantai/liuyan/liuyanDetail.jsp</result>
        </action>
        <action name="liuyanAll" class="liuyanAction" method="liuyanAll">
            <result name="success">/qiantai/liuyan/liuyanAll.jsp</result>
        </action>

        <action name="yiyuanAdd" class="yiyuanAction" method="yiyuanAdd">
        </action>
        <action name="yiyuanMana" class="yiyuanAction" method="yiyuanMana">
            <result name="success">/admin/yiyuan/yiyuanMana.jsp</result>
        </action>
        <action name="yiyuanDel" class="yiyuanAction" method="yiyuanDel">
        </action>
        <action name="yiyuanPre" class="yiyuanAction" method="yiyuanPre">
            <result name="success">/admin/yiyuan/yiyuanPre.jsp</result>
        </action>
        <action name="yiyuanEdit" class="yiyuanAction" method="yiyuanEdit">
        </action>
        <action name="yiyuanAll" class="yiyuanAction" method="yiyuanAll">
            <result name="success">/qiantai/yiyuan/yiyuanAll.jsp</result>
        </action>
        
        
        
        <action name="keshiAdd" class="keshiAction" method="keshiAdd">
        </action>
        <action name="keshiMana" class="keshiAction" method="keshiMana">
            <result name="success">/admin/keshi/keshiMana.jsp</result>
        </action>
        <action name="keshiDel" class="keshiAction" method="keshiDel">
        </action>
        <action name="keshiPre" class="keshiAction" method="keshiPre">
            <result name="success">/admin/keshi/keshiPre.jsp</result>
        </action>
        <action name="keshiEdit" class="keshiAction" method="keshiEdit">
        </action>
        
        
        

        
        
        
        
        
        <action name="guahaoAdd" class="guahaoAction" method="guahaoAdd">
        		<result>/common/succeed.jsp</result>
        </action>
         <action name="guahaoCha" class="guahaoAction" method="guahaoCha">
        </action>
        <action name="guahaoDel" class="guahaoAction" method="guahaoDel">
        </action>
        <action name="guahaoMana_user" class="guahaoAction" method="guahaoMana_user">
            <result>/admin/guahao/guahaoMana_user.jsp</result>
        </action>
        <action name="guahaoMana_zhuanjia" class="guahaoAction" method="guahaoMana_zhuanjia">
            <result>/admin/guahao/guahaoMana_zhuanjia.jsp</result>
        </action>
        <action name="guahaoChuli" class="guahaoAction" method="guahaoChuli">
        </action>
        
        
        
        
        <action name="lianjieAdd" class="lianjieAction" method="lianjieAdd">
        </action>
        <action name="lianjieDel" class="lianjieAction" method="lianjieDel">
        </action>
        <action name="lianjieMana" class="lianjieAction" method="lianjieMana">
            <result>/admin/lianjie/lianjieMana.jsp</result>
        </action>
        <action name="lianjieAll" class="lianjieAction" method="lianjieAll">
            <result>/qiantai/lianjie/lianjieAll.jsp</result>
        </action>
        
    </package>
</struts>